{"0.6795457823585855":{"user_id":1},"0.6893882188144929":{"user_id":1},"0.25658735553555867":{"user_id":2}}